cause,effect,coefficient,lag,condition,data_source,historical_case,doc_section
职位空缺率↑,失业率↓,"负相关，空缺/失业比>1.5→劳动力紧张",1-3个月,匹配效率稳定,[JTSJOL,UNRATE],2024年比值1.5对应失业率4%,贝弗里奇曲线
技能错配↑,失业率↑,"匹配效率↓→曲线外移",3-12个月,在线招聘未覆盖,[JTSJOL],2020-2022疫情后结构错配,贝弗里奇曲线
失业率<自然失业率(4-4.5%),通胀↑,"β系数约0.5-1",6-12个月,预期未锚定,[UNRATE,CPI],2021-2022年失业率3.5%+通胀7%,菲利普斯曲线
失业率>自然失业率,通胀↓,β系数约0.5-1,6-12个月,供给冲击不主导,[UNRATE,CPI],2023年失业率4%+通胀回落,菲利普斯曲线
供给冲击(疫情/战争),通胀↑,"独立于菲利普斯曲线",1-3个月,全球供应链中断,[PPI,CPi],2021年供应链冲击+通胀7%,菲利普斯曲线
预期锚定程度↓,菲利普斯曲线斜率陡峭化,"曲线斜率β↑",6-18个月,公众低信任,[BREakeven Inflation],1960s vs 1990s对比,菲利普斯曲线
人口老龄化,自然失业率↓,"约0.1-0.2%/年",长期,劳动力参与率持续下降,[NROU],日本/欧洲案例,自然失业率
匹配效率↑,自然失业率↓,"约0.1-0.3%",1-3年,在线招聘/培训改善,[JTSJOL,UNRATE],2020年前在线招聘普及,自然失业率
劳动力市场紧张(空缺/失业比↑),薪资增速↑,"空缺/失业比每0.1→薪资+0.2-0.4%",3-6个月,工会谈判力不变,[JTSJOL,CES0500000003],2021-2022比值2.0→薪资4%,薪资决定
通胀预期↑,薪资增速↑,"预期每1%→薪资+0.3-0.5%",3-6个月,劳方议价能力,[BREakeven Inflation],1970s滞涨案例,薪资决定
生产率增速↑,薪资增速↑,"1:1长期均衡",12-24个月,利润空间充足,[OPHNFB],科技革命期生产率↑+薪资↑,薪资决定
GDP缺口>0(实际>潜在),失业率↓,"奥肯系数2-2.5：GDP缺口2%→失业率↓1%",3-9个月,就业参与率稳定,[GDPPOT,GDPD},2009-2021年验证,就业与经济周期
GDP缺口<0,失业率↑,奥肯系数2-2.5,3-9个月,企业不轻易裁员(黏性),GDPPOT对比GDPD,2020年GDP-2.1%+失业率↑2%,就业与经济周期
衰退开始,失业率↑,"企业先减产后裁员",1-3个月滞后,劳动法规限制裁员,[GDPD,UNRATE],2008年金融危机失业率6→10%,就业与经济周期
复苏开始,失业率↓,"企业先增工时再招人",3-6个月滞后,招聘成本考虑,[GDPD,UNRATE],2020-2021复苏期,就业与经济周期
Sahm规则触发:失业率3月均值-12月最低>0.5%,衰退开始,高可靠性,NBER滞后约3-6个月,劳动力结构稳定,[UNRATE],1960年来每次衰退均触发,Sahm规则
失业率<自然失业率→薪资↑→企业成本↑→提价→通胀↑→预期↑→薪资要求↑,薪资-通胀螺旋启动,"正反馈循环，螺旋加速",12-24个月,失业率持续<4%且>3.5%,[UNRATE,CES0500000003,CPI],1970s、2021-2022年,薪资-通胀螺旋
劳动力参与率↓,GDP潜在增速↓,"参与率每↓1%→GDP潜在↓0.5-0.8%",长期,老龄化/残疾/育儿,[NROU,LNS11300000],新冠期间参与率-1.6%+GDP潜在↓,就业与经济周期
职位空缺↓,企业投资↓,"空缺↓20%→投资↓5-10%",3-12个月,融资成本不变,[JTSJOL,PMI],2023年空缺从1000万降至900万,就业与经济周期
