文件名,主题,因果链数量,主要系数,核心时滞,数据来源(FRED),doc_path
量化表_利率传导.csv,利率传导机制,13,股价-15~-25%/加息100bp,6-18个月,[DGS10,FFR,M2SL等],01_核心变量因果链/利率传导机制.md
量化表_通胀动力学.csv,通胀动力学,13,需求缺口每+1%→CPI+0.5-1%,6-18个月,[CPI,PPI,UNRATE等],01_核心变量因果链/通胀动力学.md
量化表_就业市场机制.csv,就业市场机制,19,奥肯系数2-2.5,3-9个月,[UNRATE,PAYEMS,JTSJOL等],01_核心变量因果链/就业市场机制.md
量化表_信贷周期与资产价格.csv,信贷周期与资产价格,22,信贷/GDP每↑1%→房价↑0.5-1%,3-18个月,[MORTGAGE,M2SL,HOUSEPRICE等],01_核心变量因果链/信贷周期与资产价格.md
量化表_汇率决定因素.csv,汇率决定因素,21,利差每↑1%→升值3-5%,1-6个月,[DFF,DXY,DEXCHUS等],01_核心变量因果链/汇率决定因素.md
量化表_财政政策传导机制.csv,财政政策传导机制,23,乘数0.8-1.5发达国家,6-18个月,[GCE,GDP,FFR等],01_核心变量因果链/财政政策传导机制.md
量化表_收益率曲线与衰退预测.csv,收益率曲线与衰退预测,20,倒挂-0.5%→衰退概率40%,12-24个月,[T10Y2Y,UNRATE,DGS10等],01_核心变量因果链/收益率曲线与衰退预测.md
量化表_地缘事件冲击路径.csv,地缘事件冲击路径,29,油价+20%→CPI+0.5-1%,1天-3个月,[VIX,DCOILWTICO,BDI等],01_核心变量因果链/地缘事件冲击路径.md
量化表_贸易条件与汇率互动.csv,贸易条件与汇率互动,21,ToT每改善10%→升值3-5%,3-18个月,[ToT,FX Reserve,Export等],01_核心变量因果链/贸易条件与汇率互动.md
